INSERT INTO employees (id, lname, fname, mname, age) VALUES
	(1, 'Suslov', 'Denis', 'Valerevich', 18),
	(2, 'Avdeev', 'Sergey', 'Pavlovich', 19),
	(3, 'Alekseev', 'Dmitriy', 'Vladimirovich', 20),
	(4, 'Bespalov', 'Viktor', 'Semenovich', 19),
	(5, 'Blinov', 'Aleksandr', 'Dmitrievich', 22),
	(6, 'Vdovin', 'Valeriy', 'Michailovich', 30),
	(7, 'Vlasova', 'Anastasiya', 'Valerievna', 24),
	(8, 'Semenov', 'Vladimir', 'Aleksandrovich', 26),
	(9, 'Gorbunov', 'Aleksey', 'Aleksandrovich', 28),
	(10, 'Galkin', 'Ivan', 'Ivanovich', 21);

INSERT INTO soft (id, sname, ver, quant, build) VALUES
	(1, 'Microsoft Office', '10.3', 'Windows 10', '4'),
	(2, 'Antivirus', '14.5', 'Windows 8.1', '6'),
	(3, '1C', '1.5', 'Windows 10', '8'),
	(4, 'Dia', '2.4', 'Windows 10-11', '11'),
	(5, 'Archiver', '5', 'Windows 7-10', '3');

INSERT INTO devices (id,type, type_con) VALUES
	(1, 'Graphic tablet', 'USB'),
	(2, 'Headphones', 'USB'),
	(3, 'Microphone', 'USB');

INSERT INTO rooms (id, num, emp_id, appoint) VALUES
	(1, 101, 1, 'Development'),
	(2, 102, 2, 'Testing'),
	(3, 103, 3, 'Design'),
	(4, 104, 4, 'Interview'),
	(5, 105, 5, 'Testing'),
	(6, 201, 6, 'Design'),
	(7, 202, 7, 'Testing'),
	(8, 203, 8, 'Development'),
	(9, 204, 9, 'Development'),
	(10, 205, 10, 'Interview'),
	(11, 301, 1, 'Design'),
	(12, 302, 2, 'Design'),
	(13, 303, 3, 'Testing'),
	(14, 304, 4, 'Development'),
	(15, 305, 5, 'Testing');

INSERT INTO pcs (id, room_id, note, ip_addr, mac_addr, device_id) VALUES
	(1, 1, 'condition 7/10', '192.168.100.32', 'C4-85-08-E1-67-ED', 1),
	(2, 2, 'condition 6/10', '192.168.100.33', 'C4-85-08-E1-68-ED', 2),
	(3, 3, 'condition 5/10', '192.168.100.34', 'C4-85-08-E1-69-ED', 3),
	(4, 4, 'condition 8/10', '192.168.100.35', 'C4-85-08-E1-70-ED', 1),
	(5, 5, 'condition 9/10', '192.168.100.36', 'C4-85-08-E1-71-ED', 2),
	(6, 6, 'condition 10/10', '192.168.100.37', 'C4-85-08-E1-72-ED', 3),
	(7, 7, 'condition 9/10', '192.168.100.38', 'C4-85-08-E1-73-ED', 1),
	(8, 8, 'condition 8/10', '192.168.100.39', 'C4-85-08-E1-74-ED', 2),
	(9, 9, 'condition 7/10', '192.168.100.40', 'C4-85-08-E1-75-ED', 3),
	(10, 10, 'condition 6/10', '192.168.100.41', 'C4-85-08-E1-76-ED', 1),
	(11, 11, 'condition 3/10', '192.168.100.42', 'C4-85-08-E1-77-ED', 2),
	(12, 12, 'condition 2/10', '192.168.100.43', 'C4-85-08-E1-78-ED', 3),
	(13, 13, 'condition 5/10', '192.168.100.44', 'C4-85-08-E1-79-ED', 1),
	(14, 14, 'condition 1/10', '192.168.100.45', 'C4-85-08-E1-80-ED', 2),
	(15, 15, 'condition 4/10', '192.168.100.46', 'C4-85-08-E1-81-ED', 3),
	(16, 1, 'condition 7/10', '192.168.100.47', 'C4-85-08-E1-82-ED', 1),
	(17, 2, 'condition 8/10', '192.168.100.48', 'C4-85-08-E1-83-ED', 2),
	(18, 3, 'condition 6/10', '192.168.100.49', 'C4-85-08-E1-84-ED', 3),
	(19, 4, 'condition 7/10', '192.168.100.50', 'C4-85-08-E1-85-ED', 1),
	(20, 5, 'condition 9/10', '192.168.100.51', 'C4-85-08-E1-86-ED', 2),
	(21, 6, 'condition 10/10', '192.168.100.52', 'C4-85-08-E1-87-ED', 3),
	(22, 7, 'condition 4/10', '192.168.100.53', 'C4-85-08-E1-88-ED', 1),
	(23, 8, 'condition 3/10', '192.168.100.54', 'C4-85-08-E1-89-ED', 2),
	(24, 9, 'condition 2/10', '192.168.100.55', 'C4-85-08-E1-90-ED', 3),
	(25, 10, 'condition 2/10', '192.168.100.56', 'C4-85-08-E1-91-ED', 1),
	(26, 11, 'condition 1/10', '192.168.100.57', 'C4-85-08-E1-92-ED', 2),
	(27, 12, 'condition 1/10', '192.168.100.58', 'C4-85-08-E1-93-ED', 3),
	(28, 13, 'condition 5/10', '192.168.100.59', 'C4-85-08-E1-94-ED', 1),
	(29, 14, 'condition 7/10', '192.168.100.60', 'C4-85-08-E1-95-ED', 2),
	(30, 15, 'condition 7/10', '192.168.100.61', 'C4-85-08-E1-96-ED', 3);

INSERT INTO installs (pc_id, soft_id, num) VALUES
	(1, 1, 1),
	(2, 2, 2),
	(3, 3, 3),
	(4, 4, 4),
	(5, 5, 5),
	(6, 1, 6),
	(7, 2, 7),
	(8, 3, 8),
	(9, 4, 9),
	(10, 5, 10),
	(11, 1, 11),
	(12, 2, 12),
	(13, 3, 13),
	(14, 4, 14),
	(15, 5, 15),
	(16, 1, 16),
	(17, 2, 17),
	(18, 3, 18),
	(19, 4, 19),
	(20, 5, 20),
	(21, 1, 21),
	(22, 2, 22),
	(23, 3, 23),
	(24, 4, 24),
	(25, 5, 25),
	(26, 1, 26),
	(27, 2, 27),
	(28, 3, 28),
	(29, 4, 29),
	(30, 5, 30),
	(1, 1, 31),
        (2, 2, 32),
        (3, 3, 33),
        (4, 4, 34),
        (5, 5, 35),
        (6, 1, 36),
        (7, 2, 37),
        (8, 3, 38),
        (9, 4, 39),
        (10, 5, 40),
        (11, 1, 41),
        (12, 2, 42),
        (13, 3, 43),
        (14, 4, 44),
        (15, 5, 45),
        (16, 1, 46),
        (17, 2, 47),
        (18, 3, 48),
        (19, 4, 49),
        (20, 5, 50),
        (21, 1, 51),
        (22, 2, 52),
        (23, 3, 53),
        (24, 4, 54),
        (25, 5, 55),
        (26, 1, 56),
        (27, 2, 57),
        (28, 3, 58),
        (29, 4, 59),
        (30, 5, 60);
